run_id,provider,scope,stage,direction,state,bytes_moved,sample_index,seconds
20260828T021122742816Z-lyra,accelerate-zgemm,setup-shared-component,logical matrix-family fixture generation,shared,setup-only,1313343840,0,0.087879666999999995
20260828T021122742816Z-lyra,accelerate-zgemm,setup-component,matrix preparation,shared,setup-only,2626687680,0,0.197006292
20260828T021122742816Z-lyra,accelerate-zgemm,primitive,raw vertical GEMM,forward,executed,1783441920,0,0.058396291000000003
20260828T021122742816Z-lyra,accelerate-zgemm,primitive,raw vertical GEMM,forward,executed,1783441920,1,0.058541916999999999
20260828T021122742816Z-lyra,accelerate-zgemm,primitive,raw vertical GEMM,forward,executed,1783441920,2,0.058625958999999998
20260828T021122742816Z-lyra,accelerate-zgemm,primitive,raw vertical GEMM,forward,executed,1783441920,3,0.058537625000000003
20260828T021122742816Z-lyra,accelerate-zgemm,primitive,raw vertical GEMM,forward,executed,1783441920,4,0.058531458000000001
20260828T021122742816Z-lyra,accelerate-zgemm,primitive,raw vertical GEMM,forward,executed,1783441920,5,0.058516208
20260828T021122742816Z-lyra,accelerate-zgemm,primitive,raw vertical GEMM,forward,executed,1783441920,6,0.058683832999999998
20260828T021122742816Z-lyra,accelerate-zgemm,primitive,raw vertical GEMM,forward,executed,1783441920,7,0.058577875000000001
20260828T021122742816Z-lyra,accelerate-zgemm,primitive,raw vertical GEMM,forward,executed,1783441920,8,0.058537832999999997
20260828T021122742816Z-lyra,accelerate-zgemm,primitive,raw vertical GEMM,inverse,executed,1783441920,0,0.058746917000000003
20260828T021122742816Z-lyra,accelerate-zgemm,primitive,raw vertical GEMM,inverse,executed,1783441920,1,0.058740500000000001
20260828T021122742816Z-lyra,accelerate-zgemm,primitive,raw vertical GEMM,inverse,executed,1783441920,2,0.059063667
20260828T021122742816Z-lyra,accelerate-zgemm,primitive,raw vertical GEMM,inverse,executed,1783441920,3,0.058779625000000002
20260828T021122742816Z-lyra,accelerate-zgemm,primitive,raw vertical GEMM,inverse,executed,1783441920,4,0.058724084000000003
20260828T021122742816Z-lyra,accelerate-zgemm,primitive,raw vertical GEMM,inverse,executed,1783441920,5,0.058718540999999999
20260828T021122742816Z-lyra,accelerate-zgemm,primitive,raw vertical GEMM,inverse,executed,1783441920,6,0.058619584000000002
20260828T021122742816Z-lyra,accelerate-zgemm,primitive,raw vertical GEMM,inverse,executed,1783441920,7,0.058683416000000002
20260828T021122742816Z-lyra,accelerate-zgemm,primitive,raw vertical GEMM,inverse,executed,1783441920,8,0.058754666999999997
20260828T021122742816Z-lyra,accelerate-zgemm,adapter-component,packing and representation conversion,shared,elided,0,,
20260828T021122742816Z-lyra,accelerate-split-dgemm,setup-shared-component,logical matrix-family fixture generation,shared,setup-only,1313343840,0,0.087879666999999995
20260828T021122742816Z-lyra,accelerate-split-dgemm,setup-component,matrix preparation,shared,setup-only,1313343840,0,0.13438287500000001
20260828T021122742816Z-lyra,accelerate-split-dgemm,primitive,raw vertical GEMM,forward,executed,1783441920,0,0.042646457999999998
20260828T021122742816Z-lyra,accelerate-split-dgemm,primitive,raw vertical GEMM,forward,executed,1783441920,1,0.042735500000000003
20260828T021122742816Z-lyra,accelerate-split-dgemm,primitive,raw vertical GEMM,forward,executed,1783441920,2,0.042666625
20260828T021122742816Z-lyra,accelerate-split-dgemm,primitive,raw vertical GEMM,forward,executed,1783441920,3,0.042719583999999998
20260828T021122742816Z-lyra,accelerate-split-dgemm,primitive,raw vertical GEMM,forward,executed,1783441920,4,0.042687749999999997
20260828T021122742816Z-lyra,accelerate-split-dgemm,primitive,raw vertical GEMM,forward,executed,1783441920,5,0.042632166999999999
20260828T021122742816Z-lyra,accelerate-split-dgemm,primitive,raw vertical GEMM,forward,executed,1783441920,6,0.042647457999999999
20260828T021122742816Z-lyra,accelerate-split-dgemm,primitive,raw vertical GEMM,forward,executed,1783441920,7,0.042571083000000003
20260828T021122742816Z-lyra,accelerate-split-dgemm,primitive,raw vertical GEMM,forward,executed,1783441920,8,0.042634667000000001
20260828T021122742816Z-lyra,accelerate-split-dgemm,primitive,raw vertical GEMM,inverse,executed,1783441920,0,0.046171790999999997
20260828T021122742816Z-lyra,accelerate-split-dgemm,primitive,raw vertical GEMM,inverse,executed,1783441920,1,0.046026708
20260828T021122742816Z-lyra,accelerate-split-dgemm,primitive,raw vertical GEMM,inverse,executed,1783441920,2,0.045989333
20260828T021122742816Z-lyra,accelerate-split-dgemm,primitive,raw vertical GEMM,inverse,executed,1783441920,3,0.046044874999999999
20260828T021122742816Z-lyra,accelerate-split-dgemm,primitive,raw vertical GEMM,inverse,executed,1783441920,4,0.045939666999999997
20260828T021122742816Z-lyra,accelerate-split-dgemm,primitive,raw vertical GEMM,inverse,executed,1783441920,5,0.045962583000000001
20260828T021122742816Z-lyra,accelerate-split-dgemm,primitive,raw vertical GEMM,inverse,executed,1783441920,6,0.046032792000000003
20260828T021122742816Z-lyra,accelerate-split-dgemm,primitive,raw vertical GEMM,inverse,executed,1783441920,7,0.046076375000000003
20260828T021122742816Z-lyra,accelerate-split-dgemm,primitive,raw vertical GEMM,inverse,executed,1783441920,8,0.045945833999999998
20260828T021122742816Z-lyra,accelerate-split-dgemm,primitive-component,real-part GEMM,forward,executed,891720960,0,0.021271624999999999
20260828T021122742816Z-lyra,accelerate-split-dgemm,primitive-component,real-part GEMM,forward,executed,891720960,1,0.021343291
20260828T021122742816Z-lyra,accelerate-split-dgemm,primitive-component,real-part GEMM,forward,executed,891720960,2,0.021302583
20260828T021122742816Z-lyra,accelerate-split-dgemm,primitive-component,real-part GEMM,forward,executed,891720960,3,0.021355542000000002
20260828T021122742816Z-lyra,accelerate-split-dgemm,primitive-component,real-part GEMM,forward,executed,891720960,4,0.021326708
20260828T021122742816Z-lyra,accelerate-split-dgemm,primitive-component,real-part GEMM,forward,executed,891720960,5,0.021396333
20260828T021122742816Z-lyra,accelerate-split-dgemm,primitive-component,real-part GEMM,forward,executed,891720960,6,0.021305792
20260828T021122742816Z-lyra,accelerate-split-dgemm,primitive-component,real-part GEMM,forward,executed,891720960,7,0.021359166999999998
20260828T021122742816Z-lyra,accelerate-split-dgemm,primitive-component,real-part GEMM,forward,executed,891720960,8,0.021359957999999998
20260828T021122742816Z-lyra,accelerate-split-dgemm,primitive-component,imaginary-part GEMM,forward,executed,891720960,0,0.021314125
20260828T021122742816Z-lyra,accelerate-split-dgemm,primitive-component,imaginary-part GEMM,forward,executed,891720960,1,0.021531208999999999
20260828T021122742816Z-lyra,accelerate-split-dgemm,primitive-component,imaginary-part GEMM,forward,executed,891720960,2,0.021558999999999998
20260828T021122742816Z-lyra,accelerate-split-dgemm,primitive-component,imaginary-part GEMM,forward,executed,891720960,3,0.021523125000000001
20260828T021122742816Z-lyra,accelerate-split-dgemm,primitive-component,imaginary-part GEMM,forward,executed,891720960,4,0.021467208000000002
20260828T021122742816Z-lyra,accelerate-split-dgemm,primitive-component,imaginary-part GEMM,forward,executed,891720960,5,0.021461000000000001
20260828T021122742816Z-lyra,accelerate-split-dgemm,primitive-component,imaginary-part GEMM,forward,executed,891720960,6,0.021480208000000001
20260828T021122742816Z-lyra,accelerate-split-dgemm,primitive-component,imaginary-part GEMM,forward,executed,891720960,7,0.021545709
20260828T021122742816Z-lyra,accelerate-split-dgemm,primitive-component,imaginary-part GEMM,forward,executed,891720960,8,0.021400499999999999
20260828T021122742816Z-lyra,accelerate-split-dgemm,primitive-component,real-part GEMM,inverse,executed,891720960,0,0.023019250000000002
20260828T021122742816Z-lyra,accelerate-split-dgemm,primitive-component,real-part GEMM,inverse,executed,891720960,1,0.023056875000000001
20260828T021122742816Z-lyra,accelerate-split-dgemm,primitive-component,real-part GEMM,inverse,executed,891720960,2,0.022972291999999998
20260828T021122742816Z-lyra,accelerate-split-dgemm,primitive-component,real-part GEMM,inverse,executed,891720960,3,0.023326875
20260828T021122742816Z-lyra,accelerate-split-dgemm,primitive-component,real-part GEMM,inverse,executed,891720960,4,0.022949375000000001
20260828T021122742816Z-lyra,accelerate-split-dgemm,primitive-component,real-part GEMM,inverse,executed,891720960,5,0.023020333
20260828T021122742816Z-lyra,accelerate-split-dgemm,primitive-component,real-part GEMM,inverse,executed,891720960,6,0.023005208999999999
20260828T021122742816Z-lyra,accelerate-split-dgemm,primitive-component,real-part GEMM,inverse,executed,891720960,7,0.023005833
20260828T021122742816Z-lyra,accelerate-split-dgemm,primitive-component,real-part GEMM,inverse,executed,891720960,8,0.022939125000000001
20260828T021122742816Z-lyra,accelerate-split-dgemm,primitive-component,imaginary-part GEMM,inverse,executed,891720960,0,0.023058458
20260828T021122742816Z-lyra,accelerate-split-dgemm,primitive-component,imaginary-part GEMM,inverse,executed,891720960,1,0.023025832999999999
20260828T021122742816Z-lyra,accelerate-split-dgemm,primitive-component,imaginary-part GEMM,inverse,executed,891720960,2,0.023016833
20260828T021122742816Z-lyra,accelerate-split-dgemm,primitive-component,imaginary-part GEMM,inverse,executed,891720960,3,0.022998000000000001
20260828T021122742816Z-lyra,accelerate-split-dgemm,primitive-component,imaginary-part GEMM,inverse,executed,891720960,4,0.022974667000000001
20260828T021122742816Z-lyra,accelerate-split-dgemm,primitive-component,imaginary-part GEMM,inverse,executed,891720960,5,0.023060542
20260828T021122742816Z-lyra,accelerate-split-dgemm,primitive-component,imaginary-part GEMM,inverse,executed,891720960,6,0.022946125000000001
20260828T021122742816Z-lyra,accelerate-split-dgemm,primitive-component,imaginary-part GEMM,inverse,executed,891720960,7,0.022983791999999999
20260828T021122742816Z-lyra,accelerate-split-dgemm,primitive-component,imaginary-part GEMM,inverse,executed,891720960,8,0.023095250000000001
20260828T021122742816Z-lyra,accelerate-split-dgemm,adapter-component,packing and representation conversion,shared,elided,0,,
